날짜, 제목, 내용, URL
2022. 3. 11.,담꾹 메뉴 가격 2022 총정리 - 턱턱이의 세상 - 티스토리,2022. 3. 11.
2022. 9. 29.,메뉴 / 조리법 - 담꾹,2022. 9. 29.
2022. 9. 29.,담꾹 메뉴: 맛있고 가성비 좋은 음식/비추천 음식,2022. 9. 29.
2022. 11. 22.,밀키트 전문점 담꾹 메뉴 가격 총정리,2022. 11. 22.
2021. 11. 18.,밀키트 전문점 담꾹 메뉴 추천 - 네이버 블로그,2021. 11. 18.
2021. 1. 7.,"담꾹 부대찌개, 제육볶음 - 네이버 블로그",2021. 1. 7.
2021. 4. 28.,담꾹 공식 인스타그램 (@damgguk.official ... - Instagram,2021. 4. 28.
2022. 6. 30.,캠핑음식 담꾹 추천 밀키트 뭐가 있나? 메뉴 추천 - 나같은마음,2022. 6. 30.
2022. 1. 25.,담백한 맛과 가성비의 부대찌개 - 내돈내산 리뷰,2022. 1. 25.
2022. 10. 22.,[담꾹 밀키트 후기] 가족모임은 부대찌개와 찜닭으로 해결!!(feat ...,2022. 10. 22.
2022. 4. 19.,김포시 밀키트 담꾹 - 더픽,2022. 4. 19.
2022. 11. 24.,분당 서현역 밀키트 전문 담꾹 10900원 부대찌개 솔직후기,2022. 11. 24.
2021. 10. 14.,담꾹 메뉴 가격 총 정리 - 육아에 필요한 모든것,2021. 10. 14.
2023. 4. 9.,"담꾹, 위메프 통해 모바일상품권 17% 할인 프로모션 전개",2023. 4. 9.
2021. 8. 26.,담꾹 3번 구매 후기 :: 5년차 커플의 최애 밀키트,2021. 8. 26.
2021. 8. 20.,담꾹 밀키트 부대찌개 후기,2021. 8. 20.
2022. 12. 15.,"담꾹(밀키트,가정간편식) | 동네가게 - 당근마켓",2022. 12. 15.
2022. 6. 27.,밀키트 수제돈까스 담꾹 통등심돈가스 - 다롱다롱 - 티스토리,2022. 6. 27.
2022. 11. 24.,"밀키트, 간편식,대신 장을 봐주다, 담꾹 부대찌개 - 해피파블로",2022. 11. 24.
2021. 5. 24.,담꾹,2021. 5. 24.
2021. 7. 22.,담꾹 포항효자점,2021. 7. 22.
2022. 7. 17.,담꾹 떡볶이 매콤달달한 국물떡볶이 맛있어요! - aimee blog,2022. 7. 17.
2021. 12. 13.,담꾹 메뉴 와규 스테이크 후기! 24시 밀키트 판매점,2021. 12. 13.
2022. 12. 13.,담꾹 | 창업 플랫폼 마이프차,2022. 12. 13.
2023. 1. 5.,밀키트 김치찜 담꾹에서 밀키트 솔직한 후기 밀키트 어디까지 ...,2023. 1. 5.
2021. 10. 5.,'담꾹'과 함께하는 저소득 어르신의 밀키트 지원 - 디지털광진,2021. 10. 5.
2023. 4. 22.,담꾹 메뉴 밀키트 전문점 담꾹찜닭 캠핑음식추천 담꾹 안동찜닭 ...,2023. 4. 22.
2022. 10. 27.,담꾹 밀키트 메뉴 가격 - 감사감사왕,2022. 10. 27.
2021. 8. 13.,"[1人1食] 크림파스타 밀키트 '담꾹'…""기대를 낮추면 맛이 보인다 ...",2021. 8. 13.
2021. 12. 20.,담꾹....탁월한 선택! - 행복한 집순이~^^ - 티스토리,2021. 12. 20.
2022. 5. 8.,"담꾹 연동점 - 연동 미역국 맛집 | 다이닝코드, 빅데이터 맛집검색",2022. 5. 8.
2021. 10. 13.,[밀키트전문점 태백담꾹] 담꾹에서 밀키트 구매하는 방법,2021. 10. 13.
2021. 9. 9.,내돈내산 담꾹 메뉴 찜닭 닭볶음탕 - Unlimited - 티스토리,2021. 9. 9.
2021. 10. 25.,담꾹 찜닭 후기 - 배미의 일상,2021. 10. 25.
2022. 3. 25.,부대찌개 밀키트 추천 / 밀키트 전문점 담꾹 - 라라의 힘찬 생활,2022. 3. 25.
2021. 10. 2.,가성비 최고! 담꾹 밀키트 '제육볶음' 후기 - 김포 마산점,2021. 10. 2.
2022. 10. 1.,"밀키트 전문점 담꾹, 가을 신메뉴 7종 출시 - 뉴스핌",2022. 10. 1.
2021. 10. 6.,"밀키트 담꾹 1호 가맹점주 ""직접 맛보고 확신"" - 파이낸셜뉴스",2021. 10. 6.
2023. 4. 19.,"닭발·막창도 집에서 간편하게… 담꾹, 야식 밀키트 3종 출시",2023. 4. 19.
2021. 5. 6.,담꾹의 매콤소고기국밥을 먹어본 후 by 담꾹동탄반송점,2021. 5. 6.
2022. 12. 15.,담꾹 닭볶음탕 가성비는 정말 좋네요! - 레인버,2022. 12. 15.
2021. 11. 5.,세상 밥차리기 귀찮지만 배달음식은 지겨울때 / 담꾹 찜닭 솔직 ...,2021. 11. 5.
2022. 10. 30.,담꾹 금액권 (3만원권) : 다나와 가격비교,2022. 10. 30.
2023. 3. 4.,무인 밀키트 담꾹 창업비용과 수익 - The Base of Everything,2023. 3. 4.
2021. 6. 2.,담꾹 백순대볶음 집에서 해 먹기,2021. 6. 2.
2022. 2. 18.,밀키트 전문점 담꾹 창업비용 정리,2022. 2. 18.
2022. 1. 22.,담꾹_부대찌개,2022. 1. 22.
2021. 11. 12.,밀키트 전문점 담꾹 [고등어조림],2021. 11. 12.
2021. 3. 19.,"소자본창업 '담꾹', 100호점 대전월평점 오픈 ... - 충청일보",2021. 3. 19.
2023. 1. 30.,담꾹 구로천왕점,2023. 1. 30.
2021. 10. 20.,[군침리뷰] 담꾹 가정간편식 밀키트 얼큰 소고기국 내돈내산 ...,2021. 10. 20.
2020. 6. 9.,밀키트(비조리 가정간편식)테이크아웃&배달 전문점 '담꾹' 로고 ...,2020. 6. 9.
2021. 12. 24.,여러 종류의 밀키트 살 수 있는 곳 ; 담꾹 장안점 내돈내산 후기 - J,2021. 12. 24.
2022. 7. 7.,"양산 밀키트 맛집 "" 담꾹 중부점 "" - 우리, 잠깐 쉬었다가요",2022. 7. 7.
2023. 4. 19.,"닭발·막창도 집에서 간편하게…담꾹, 야식 밀키트 3종 출시",2023. 4. 19.
2022. 2. 11.,담꾹 밀키트 한번 먹어보려는데 맛있을까요? - 뽐뿌:자유게시판,2022. 2. 11.
2021. 5. 5.,담꾹 - 세아이 아빠의 사소한 일상,2021. 5. 5.
2021. 7. 11.,요리 1도 못해도 괜찮아~! 밀키트 전문점 담꾹 후기!!,2021. 7. 11.
2021. 4. 26.,"집에서 해먹는 편한 밀키트 판매점, 담꾹! - 스튜디오 어널드",2021. 4. 26.
2022. 1. 26.,차돌 된장찌개 어디까지 먹어봤니? (별내동 밀키트 요리비책 ...,2022. 1. 26.
2021. 11. 23.,[솔직 리뷰] 광고X 가성비 담꾹 제육볶음 후기 - 밀리남 - 티스토리,2021. 11. 23.
2022. 10. 4.,"담꾹, 가을 신메뉴 출시 기념 증정 프로모션 진행 - 헤럴드경제",2022. 10. 4.
2023. 2. 6.,"굿네이버스 강원동남지부, 담꾹 동해시청점에 '좋은이웃가게 ...",2023. 2. 6.
2022. 2. 26.,담꾹부대찌로 요린이 탈출해요!! - Coffee With Raina,2022. 2. 26.
2021. 3. 29.,"[담꾹 고읍점]양주시담꾹,담꾹고읍점,밀키트 전문점,얼큰 소고기 ...",2021. 3. 29.
2021. 11. 15.,가격이 매우 착한 가성비 좋은 밀키트 매장 ' 담꾹 부산반여 ...,2021. 11. 15.
2022. 8. 8.,매콤한 감칠맛~ 담꾹 닭볶음탕 밀키트 - 마루이의푸드코트,2022. 8. 8.
2022. 8. 11.,담꾹 용인보정점,2022. 8. 11.
2022. 12. 8.,메뉴 - 담꾹,2022. 12. 8.
2021. 8. 26.,담꾹 안동찜닭 스파게티 된장찌게 부대찌게 제육볶음 밀키트 ...,2021. 8. 26.
2022. 3. 22.,밀키트 리뷰 담꾹 부대찌개 - 진심in - 티스토리,2022. 3. 22.
2021. 12. 14.,"24시간 오픈 가정간편식 밀키트 전문점, 담꾹 고척점 - 천사맘",2021. 12. 14.
2022. 4. 19.,담꾹 메뉴 제육볶음으로 든든한 한끼 - 모두가 행복한 지식저장소,2022. 4. 19.
2022. 6. 20.,"담꾹, 카카오톡 채널 론칭 기념 이벤트 실시 - 전자신문",2022. 6. 20.
2022. 3. 4.,요즘 대세인 밀키트 전문점 '구서동 담꾹' - 부산 맛집기행,2022. 3. 4.
2021. 9. 9.,담꾹 - 레이크꼬모,2021. 9. 9.
2021. 9. 9.,<담꾹>간편하고 좋은데?_내마음속안동찜닭 - amy다락방,2021. 9. 9.
2021. 10. 28.,담꾹 광명하안사거리점 - 식신,2021. 10. 28.
2022. 1. 26.,맛있는 밀키트 - 담꾹 감바스 (+바게트빵) 후기 - 이것저것 허연흰곰,2022. 1. 26.
2022. 5. 2.,"담꾹 밀키트 부대찌개, 돌돌이 당면 후기 - 모든이야기 - 티스토리",2022. 5. 2.
2022. 1. 29.,자취생들 모여라! 맛있고 간편한 밀키트 전문점 :: 담꾹 서현역점,2022. 1. 29.
2021. 4. 10.,밀키트 담꾹-안동찜닭 대령이요!! - 힘내새우~~   - 티스토리,2021. 4. 10.
2021. 10. 20.,[밀키트 전문점] 혼자 밥해먹기 귀찮을때 담꾹 - Cube - 티스토리,2021. 10. 20.
2022. 2. 20.,담꾹 맵달 즉석떡볶이 - 인포메이션센터,2022. 2. 20.
2021. 2. 22.,"담꾹, 떡볶이·순대볶음 등 신메뉴 4종 출시 - 신아일보",2021. 2. 22.
2022. 5. 17.,"담꾹 단골의 추천 메뉴, 부대찌개 (오징어볶음, 냉모밀 등 다 먹어 ...",2022. 5. 17.
2021. 7. 12.,제육볶음 만들어봤어요 매콤하게 두공기 뚝딱! (신금호 담꾹),2021. 7. 12.
2021. 5. 30.,담꾹 전주서신점 - 가정간편식 밀키트 테이크아웃/배달 전문점,2021. 5. 30.
2023. 3. 3.,"담꾹·피코크 등 밀키트, 식사로 권장하면서 영양성분은 '깜깜 ...",2023. 3. 3.
2023. 4. 30.,담꾹 2만원금액권(잔액관리형) 저렴하게 팝니다 - 번개장터,2023. 4. 30.
2022. 3. 31.,"[단독] 밀키트 전문점 1위 담꾹, 내달 가격인상…밀키트 줄인상 ...",2022. 3. 31.
2021. 7. 30.,더운여름 요리하기 싫을 때는 간단한 밀키트로 요리하기 담꾹 ...,2021. 7. 30.
2022. 1. 25.,[서초구 방배동] 담꾹 내방역점 - 맛집홍보 - 배달공구,2022. 1. 25.
2023. 5. 9.,1인 창업이 가능한 사업아이템,2023. 5. 9.
2021. 8. 23.,밀키트 take out 전문점 '담꾹' <철원 와수점> - 쑥쑥 - 티스토리,2021. 8. 23.
2022. 2. 18.,담꾹 밀키트 내돈내산 처음 먹어 본 리뷰! (닭볶음탕 3인분),2022. 2. 18.
2021. 10. 19.,"천안 두정 24시 밀키트 전문점 <담꾹 두정역점> 메뉴, 후기",2021. 10. 19.
2022. 2. 16.,"밀키트전문점 담꾹, 11일간 세트메뉴 프로모션 |",2022. 2. 16.
2021. 3. 31.,담꾹 부대찌개 - stojieun - Vingle,2021. 3. 31.
