name,price,commnet_num
로얄캐닌 캣 인도어 1.2kg 변냄새 감소,"22,600","21,709"
로얄캐닌 캣 인도어 4kg 변냄새 감소,"62,500","21,709"
로얄캐닌 캣 인도어 10kg 변냄새 감소,"129,500","21,709"
로얄캐닌 캣 인도어 변냄새 감소 모음,"8,000","21,709"
로얄캐닌 캣 인도어 400g 변냄새 감소,"8,000","21,709"
로얄캐닌 캣 키튼 1.2kg,"22,600","15,159"
캐츠랑 전연령 5kg,"15,400","14,930"
캐츠랑 전연령 20kg,"50,900","14,930"
로얄캐닌 캣 키튼 4kg 면역기능 강화,"62,500","13,812"
로얄캐닌 캣 키튼 면역기능 강화 모음,"8,000","14,845"
캐츠랑 전연령 3kg,"12,500","14,930"
로얄캐닌 캣 키튼 400g 면역기능 강화,"8,000","13,812"
캐츠랑 전연령 모음,"10,000","14,930"
캐츠랑 전연령 2kg,"10,000","14,930"
로얄캐닌 캣 키튼 10kg 면역기능 강화,"129,500","13,812"
내추럴발란스 캣 오리지날 울트라 닭&연어 2.4kg,"27,000","8,730"
내추럴발란스 캣 오리지날 울트라 그레인프리 인도어 닭&연어 2.4kg,"29,000","6,551"
내추럴발란스 캣 울트라 프리미엄 WBH 닭&연어 포뮬라 6.81kg,"67,000","9,098"
퓨어비타 캣 그레인프리 치킨 6.8kg,"68,000","8,387"
퓨어비타 캣 그레인프리 치킨 3kg,"37,900","8,387"
퓨어비타 캣 그레인프리 치킨 1kg,"14,500","8,384"
내추럴발란스 캣 인도어 울트라 포뮬라 6.81kg,"73,000","6,913"
로얄캐닌 캣 마더&베이비 면역증진 모음,"8,000","6,553"
퓨어비타 캣 그레인프리 치킨 모음,"14,500","8,384"
ANF 캣 6 Free 플러스 어덜트 1.8kg,"28,900","5,379"
로얄캐닌 캣 라이트 웨이트 케어 3kg 체중관리,"49,000","4,076"
[사료샘플] 퓨리나 캣 원 순살 연어&참치 어덜트 50g,0,349
로얄캐닌 캣 헤어볼 케어 400g 헤어볼 배출촉진,"8,000","4,204"
로얄캐닌 캣 마더&베이비 400g 면역증진,"8,000","6,063"
[주말특가] 더리얼 캣 그레인프리 크런치 닭고기 어덜트 1.6kg,"28,500","3,459"
ANF 캣 6 Free 플러스 어덜트 5.6kg,"64,900","5,379"
로얄캐닌 캣 마더&베이비 4kg 면역증진,"62,500","6,063"
[사료샘플] 퓨리나 캣 원 유리너리 어덜트 50g,0,245
로얄캐닌 캣 마더&베이비 10kg 면역증진,"129,500","6,063"
캐츠랑 키튼 8kg,"26,900","4,370"
뉴트로 캣 인도어 닭고기&현미 1세이상 모음,"32,900","4,832"
로얄캐닌 캣 인도어 7+ 3.5kg 변냄새 감소,"56,500","3,046"
로얄캐닌 캣 헤어볼 케어 4kg 헤어볼 배출촉진,"62,500","4,204"
ANF 캣 6 Free 플러스 어덜트 모음,"28,900","5,379"
로얄캐닌 캣 유리너리 케어 4kg 요로계케어,"62,500","3,642"
로얄캐닌 캣 라이트 웨이트 케어 체중관리 모음,"8,000","4,076"
로얄캐닌 캣 라이트 웨이트 케어 8kg 체중관리,"110,000","4,076"
아카나 캣 와일드 프레이리 1.8kg,"35,620","3,761"
캐츠랑 키튼 2kg,"11,900","4,370"
아카나 캣 와일드 프레이리 4.5kg,"65,550","3,761"
아카나 캣 와일드 프레이리 340g,"9,500","3,761"
로얄캐닌 캣 헤어볼 케어 헤어볼 배출촉진 모음,"8,000","4,204"
로얄캐닌 캣 유리너리 케어 400g 요로계케어,"8,000","3,642"
[사료샘플] 밥이보약 캣 NO 스트레스 50g,"1,000",816
로얄캐닌 캣 헤어볼 케어 10kg 헤어볼 배출촉진,"129,500","4,204"
[사료샘플] 더리얼 캣 그레인프리 크런치 닭고기 키튼 50g,"1,000",592
캐츠랑 키튼 모음,"11,900","4,370"
캐츠랑 키튼 4kg,"19,300","4,370"
로얄캐닌 캣 라이트 웨이트 케어 400g 체중관리,"8,000","4,076"
더리얼 캣 그레인프리 크런치 닭고기 어덜트 5.8kg,"87,000","3,459"
오리젠 캣 6피쉬 340g,"11,400","3,318"
로얄캐닌 캣 유리너리 케어 요로계케어 모음,"8,000","3,642"
오리젠 캣 6피쉬 1.8kg,"45,600","2,879"
로얄캐닌 캣 유리너리 케어 10kg 요로계케어,"129,500","3,642"
아카나 캣 와일드 프레이리 모음,"9,500","3,704"
[사료샘플] 내추럴발란스 캣 인도어 울트라 포뮬라  40g,520,330
ANF 캣 6 Free 플러스 웨이트케어 5.6kg,"64,900","2,980"
더리얼 캣 그레인프리 크런치 닭고기 어덜트 모음,"30,000","3,459"
로얄캐닌 캣 FIT 어덜트 4kg 체중관리,"57,000","2,815"
ANF 캣 6 Free 플러스 웨이트케어 모음,"28,900","2,980"
오리젠 캣 6피쉬 5.4kg,"92,150","2,879"
ANF 캣 6 Free 플러스 웨이트케어 1.8kg,"28,900","2,980"
로얄캐닌 캣 FIT 어덜트 1.2kg 체중관리,"21,400","2,815"
로얄캐닌 캣 센서블 4kg 소화기건강,"62,500","2,060"
로얄캐닌 캣 FIT 어덜트 10kg 체중관리,"115,000","2,815"
로얄캐닌 캣 오랄 케어 400g 치아관리,"8,000","1,245"
[주말특가] [사료샘플] 트라이엄프 캣 와일드 스피릿 치킨&현미 40g,540,458
[사료샘플] 더리얼 캣 그레인프리 크런치 닭고기 어덜트 50g,"1,500",563
로얄캐닌 캣 FIT 어덜트 체중관리 모음,"8,000","2,815"
[사료샘플] 캐츠랑 키튼 40g,400,309
로얄캐닌 캣 FIT 어덜트 400g  체중관리,"8,000","2,815"
오리젠 캣 피트&트림 1.8kg,"43,220","1,736"
[사료샘플] 더리얼 캣 그레인프리 크런치 연어 어덜트 50g,"1,500",760
오리젠 캣 피트&트림 5.4kg,"89,300","1,736"
오리젠 캣 피트&트림 340g,"9,970","2,062"
웰츠 캣 저지방 다이어트 2.1kg,"29,000","1,907"
[주말특가] 밥이보약 캣 NO 스트레스 3.4kg,"37,240","1,318"
아카나 캣 그래스랜드 1.8kg,"36,100","1,437"
[사료샘플] 뉴트로 캣 인도어 닭고기&현미 1세이상 40g,800,176
로얄캐닌 캣 센서블 소화기건강 모음,"8,000","2,060"
[주말특가] 더리얼 캣 그레인프리 크런치 연어 어덜트 1.6kg,"32,300","1,605"
로얄캐닌 캣 센서블 10kg 소화기건강,"129,500","2,060"
내추럴발란스 캣 LID 완두&닭 포뮬라 1.1kg,"15,000","1,339"
웰츠 캣 저지방 다이어트 6kg,"70,000","1,907"
[주말특가] 더리얼 캣 그레인프리 크런치 닭고기 키튼 1.6kg,"29,450","1,555"
아카나 캣 패시피카 1.8kg,"37,050","1,500"
[사료샘플] 더리얼 캣 그레인프리 크런치 참치 어덜트 50g,"1,500",226
로얄캐닌 캣 오랄 케어 3.5kg 치아관리,"57,000",884
아카나 캣 패시피카 340g,"9,500","1,500"
아카나 캣 그래스랜드 4.5kg,"67,450","1,437"
퓨어비타 캣 그레인프리 연어 3kg,"39,900","1,516"
네이처스 버라이어티 캣 인스팅트 얼티밋 프로틴 치킨 4.5kg,"99,200","1,319"
아카나 캣 그래스랜드 340g,"9,500","1,437"
[사료샘플] 로우즈 캣 밀프리 치킨 40g,"2,000",209
아카나 캣 패시피카 4.5kg,"68,400","1,500"
[주말특가] [사료샘플] 트라이엄프 캣 와일드 스피릿 연어&고구마 40g,540,363
웰츠 캣 저지방 다이어트 모음,"29,000","1,907"
웰츠 캣 어덜트 2.1kg,"29,000","1,439"
프로베스트 캣 15kg,"42,900","1,612"
[주말특가] 밥이보약 캣 걱정없는 헤어볼 3.4kg,"37,240",963
[사료샘플] 후새 캣 키튼 40g,800,134
퓨어비타 캣 그레인프리 연어 6.8kg,"73,900","1,516"
프로베스트 캣 5kg,"16,350","1,612"
[주말특가] 밥이보약 캣 알맞은 체중 3.4kg,"37,240",710
퓨리나 캣 원 연어&참치 어덜트 1.5kg,"17,900",442
더리얼 캣 그레인프리 크런치 연어 어덜트 모음,"34,000","1,634"
웰츠 캣 어덜트 6kg,"70,000","1,439"
[주말특가] [사료샘플] 트라이엄프 캣 프리 스피릿 그레인프리 연어&병아리콩 40g,630,348
게더 캣 프리 에이커 치킨 레시피 1kg,"34,000","1,244"
퓨어비타 캣 그레인프리 연어 모음,"15,900","1,515"
뉴트로 캣 헤어볼 컨트롤 닭고기&현미 1세이상 6.35kg,"86,000",837
더리얼 캣 그레인프리 크런치 닭고기 키튼 모음,"31,000","1,555"
[특가할인] 힐스 캣 어덜트 유리너리 앤 헤어볼 컨트롤 1.6kg,"38,250",532
로얄캐닌 캣 헤어&스킨케어 400g 피모관리,"8,000","1,194"
[사료샘플] ANF 캣 6 Free 플러스 키튼 40g,450,148
네이처스 버라이어티 캣 인스팅트 얼티밋 프로틴 치킨 1.8kg,"60,900","1,319"
[사료샘플] 내추럴그레이트니스 캣 와일드 인스팅트 40g,800,83
로우즈 캣 밀프리 치킨 794g,"39,000","1,258"
로우즈 캣 밀프리 치킨 1.5kg,"67,000","1,258"
프로베스트 캣 7.5kg,"25,900","1,612"
[사료샘플] 퓨어비타 캣 그레인프리 치킨 40g,800,137
로얄캐닌 캣 페르시안 어덜트 4kg 피모관리,"66,000","1,268"
[사료샘플] 밥이보약 캣 빛나는 피모 50g,"2,000",210
로얄캐닌 캣 헤어&스킨 케어 4kg 피모관리,"62,500","1,194"
웰츠 캣 어덜트 모음,"29,000","1,439"
아카나 캣 그래스랜드 모음,"9,500","1,376"
내추럴발란스 캣 LID 완두&닭고기 포뮬라 1.36kg,"22,280","1,335"
로얄캐닌 캣 오랄 케어  치아관리 모음,"8,000","1,245"
아카나 캣 패시피카 모음,"9,500","1,446"
네이처스 버라이어티 캣 생식본능 얼티밋 프로틴 치킨 800g,"31,000","1,355"
[사료샘플] 밥이보약 캣 알맞은 체중 50g,"1,000",287
[특가할인] 힐스 캣 어덜트 라이트 2kg,"33,660",469
로얄캐닌 캣 페르시안 어덜트 2kg 피모관리,"38,000","1,268"
네이처스 버라이어티 캣 인스팅트 얼티밋 프로틴 치킨 모음,"60,900","1,319"
[사료샘플] 밥이보약 캣 활기찬 노후 50g,"1,000",174
오리젠 캣 오리지널 1.8kg,"42,750",143
[특가할인] 힐스 캣 키튼 치킨 1.6kg,"34,000",915
로우즈 캣 밀프리 치킨 3.53kg,"115,000","1,258"
[사료샘플] 레오나르도 캣 푸드 시니어 50g,"1,500",138
로얄캐닌 캣 샴 4kg 근건강유지,"66,000","1,228"
[사료샘플] 요세라 데일리캣 그레인프리 오리&치킨 60g,"1,500",264
now 캣 프레쉬 어덜트 1.36kg,"33,300",741
게더 캣 프리 에이커 치킨 레시피 1.81kg,"58,000","1,244"
[사료샘플] 요세라 마리네스캣 그레인프리 연어 60g,"1,500",205
게더 캣 프리 에이커 치킨 레시피 3.6kg,"92,000","1,244"
뉴트리나 캣 리얼오플러스 인도어 2.4kg,"25,000",633
로얄캐닌 캣 키튼 스테럴라이즈 3.5kg 중성화묘용,"56,500",241
로얄캐닌 캣 헤어&스킨 케어 피모관리 모음,"8,000","1,194"
[특가할인] 힐스 캣 어덜트 인도어 치킨 1.6kg,"34,000",283
로우즈 캣 밀프리 치킨 모음,"39,000","1,258"
로얄캐닌 캣 페르시안 어덜트 10kg 피모관리,"129,900","1,268"
로얄캐닌 캣 페르시안 어덜트 피모관리 모음,"8,500","1,268"
로얄캐닌 캣 샴 2kg 근건강유지,"38,000","1,228"
[사료샘플] 퓨어비타 캣 그레인프리 연어 40g,900,105
로얄캐닌 캣 헤어&스킨 케어 10kg 피모관리,"123,900","1,194"
웰츠 캣 키튼 2.1kg,"29,000","1,191"
ANF 캣 6 Free 플러스 키튼 1.8kg,"28,900","1,082"
뚱냥이를 위한 다이어트 사료 19종 [모음],"14,500",709
[사료샘플] 레오나르도 캣 푸드 키튼 50g,"1,100",146
뉴트로 캣 연어&현미 1세이상 6.35kg,"84,000","1,053"
[사료샘플] 웰니스 캣 코어 키튼 40g,"1,100",88
뉴트로 캣 연어&현미 1세이상 모음,"35,500",905
[특가할인] 힐스 캣 어덜트 퍼펙트 웨이트 1.4kg,"31,450",311
레오나르도 캣 라이트 어덜트 2kg,"38,000",790
웰츠 캣 헤어볼 케어 2.1kg,"32,000",837
[사료샘플] 뉴트로 캣 인도어 흰살생선&현미 1세이상 40g,800,77
[사료샘플] 밥이보약 캣 탄탄한성장 50g,"2,000",426
[NEW신상] 보레알 캣 오리지널 그레인프리 치킨 2.26kg,"39,600",971
ANF 캣 6 Free 플러스 키튼 5.6kg,"64,900",934
[사료샘플] 레오나르도 캣 라이트 어덜트 50g,"1,100",351
[사료샘플] 뉴트리플랜 캣 어덜트 40g,700,66
[사료샘플] 뉴트리플랜 캣 전연령 플러스 40g,500,61
[사료샘플] 내추럴발란스 캣 LID 완두&닭고기 포뮬라 40g,800,91
로얄캐닌 캣 오랄 케어 8kg 치아관리,"110,000",960
[유통기한임박  23년7월17일] 뉴트로 캣 인도어 닭고기&현미 7세이상 6.35kg,"49,500",20
[사료샘플] ANF 캣 6 Free 플러스 웨이트케어 40g,900,51
네이처스 버라이어티 캣 생식본능 오리지날 치킨 1kg,"26,800",726
[추가증정] 이나바 캣 챠오 스고이 유산균 크런키 참치포믹스 20g*10p + 샘플 3p 증정,"5,900",518
[주말특가] 밥이보약 캣 탄탄한 성장 3.4kg,"37,240",426
[사료샘플] 레오나르도 캣 오리 푸드 어덜트 50g,"1,100",230
[사료샘플] 알모네이쳐 캣 HFC 스테럴라이즈드 대구 어덜트 40g,"1,500",42
스마트하트골드 캣 나인케어 피부&피모 6kg,"50,000",669
[사료샘플] 스텔라앤츄이스 캣 로우코티드 키블 와일드코트 살몬 100g,"3,000",287
[사료샘플] 알모네이쳐 캣 HFC 스테럴라이즈드 닭고기 어덜트 40g,"1,300",66
[사료샘플] 위스카스 캣 포켓 닭고기 40g,600,64
뉴트로 캣 체중관리용 닭고기&현미 1세이상 6.35kg,"84,000",427
캐츠랑 맘&베이비 4kg,"19,800",568
스마트하트골드 캣 나인케어 인도어 6kg,"50,000",719
스마트하트골드 캣 나인케어 인도어 모음,"14,500",719
웰츠 캣 헤어볼 케어 6kg,"76,000",837
로얄캐닌 캣 세이버 엑시전트 4kg,"62,500",867
이나바 캣 챠오 스고이 유산균 크런키 참치포 버라이어티 20g*10p,"5,900",181
[유통기한임박  23년6월20일] 뉴트로 캣 인도어 닭고기&현미 7세이상 2.27kg,"22,200",19
네이처스 버라이어티 캣 생식본능 오리지날 치킨 5kg,"83,900",692
웰츠 캣 헤어볼 케어 모음,"32,000",837
now 캣 프레쉬 어덜트 7.26kg,"112,500",741
레오나르도 캣 푸드 시니어 2kg,"39,000",400
네츄럴랩 캣 케어1 장&면역 2kg,"25,000",173
[사료샘플] 요세라 네이처캣 그레인프리 연어&오리 60g,"1,500",248
이나바 캣 챠오 스고이 유산균 크런키 참치포믹스 20g*10p,"5,900",518
퓨리나 캣 원 키튼 1.4kg,"17,900",641
[사료샘플] 프로네이처 캣 치킨&고구마 키튼 50g,"1,000",52
퍼시캣 연어&치킨 레시피 1kg,"16,900",370
로얄캐닌 캣 브리티쉬 숏헤어 400g 관절건강,"8,500",491
[주말특가] 더리얼 캣 그레인프리 크런치 참치 어덜트 1.6kg,"33,250",348
[주말특가] 더리얼 캣 그레인프리 크런치 닭고기 시니어 1.6kg,"28,500",470
로얄캐닌 캣 랙돌 어덜트 400g 피모관리,"8,500",313
[주말특가] 밥이보약 캣 활기찬 노후 3.4kg,"37,240",312
[사료샘플] 위스카스 캣 참치 어덜트 40g,500,57
now 캣 프레쉬 어덜트 모음,"33,300",741
[특가할인] 힐스 캣 어덜트 치킨 2kg,"31,680",131
스마트하트골드 캣 나인케어 피부&피모 모음,"14,500",669
성묘를 위한 어덜트 사료 24종 [모음],"15,400",501
[사료샘플] 아보덤 캣 치킨&청어 어덜트 40g,"1,100",56
[사료샘플] 카니러브 캣 생육 닭고기와 토끼 40g,500,62
[사료샘플] 후새 캣 익스클루시브 유리너리 40g,800,91
now 캣 프레쉬 어덜트 3.63kg,"70,200",741
[사료샘플] 내추럴발란스 캣 울트라 프리미엄 WBH 닭&연어 포뮬라 40g,800,100
레오나르도 캣 라이트 어덜트 7.5kg,"109,000",790
로얄캐닌 캣 에이징 12+ 4kg 관절건강,"62,500",358
now 캣 프레쉬 시니어 모음,"33,300",572
[주말특가] [ONLY펫프] 트라이엄프 캣 와일드 스피릿 치킨&현미 1.36kg,"14,400",458
웰츠 캣 올라이프 2.1kg,"29,000",589
[사료샘플] 요세라 내추럴캣 그레인프리 송어&오리 60g,"1,500",149
[NEW신상] 오리젠 캣 가디언8 340g,"9,450",1
캐츠랑 맘&베이비 2kg,"13,900",568
now 캣 프레쉬 시니어 1.36kg,"33,300",285
로얄캐닌 캣 브리티쉬 숏헤어 4kg 관절건강,"66,000",491
웰츠 캣 올라이프 6kg,"70,000",589
레오나르도 캣 컴플리트 32/16 푸드 어덜트 1.8kg,"31,000",406
오리젠 캣 키튼 340g,"9,970",214
이나바 캣 챠오 스고이 유산균 크런키 치킨 버라이어티 20g*10p,"5,900",170
네츄럴코어 캣 베네M47 2kg,"21,000",599
캐츠랑 맘&베이비 8kg,"37,200",568
퓨리나 캣차우 컴플리트 11.3kg,"60,000",395
[사료샘플] 세라피드 캣 그레인프리 체중관리 40g,500,71
더리얼 캣 그레인프리 크런치 닭고기 시니어 모음,"30,000",481
세라피드 캣 그레인프리 헤어볼 컨트롤 7kg,"28,500",376
[사료샘플] 웰니스 캣 코어 인도어 40g,"1,000",32
[유통기한임박  23년8월30일] 뉴트로 캣 연어&현미 1세이상 2.27kg,"30,300",1
[특가할인] 힐스 캣 퍼펙트 다이제스쳔 치킨 어덜트 1+ 1.6kg,"28,800",70
로얄캐닌 캣 인도어 롱헤어 4kg 변냄새 감소,"62,500",512
[사료샘플] 웰썸 캣 그레인프리 곤충사료 40g,"1,100",67
[주말특가] [ONLY펫프] 트라이엄프 캣 와일드 스피릿 치킨&현미 3.17kg,"26,100",458
퍼시캣 치킨&칠면조 레시피 4.54kg,"58,900",242
웰츠 캣 올라이프 모음,"29,000",589
[사료샘플] 후새 캣 크로케터 치킨 40g,900,53
[사료샘플] 후새 캣 링크스 시니어 40g,800,21
now 캣 프레쉬 키튼 1.36kg,"33,300",409
오리젠 캣 키튼 1.8kg,"43,220",214
요세라 마리네스캣 그레인프리 연어 4.25kg,"67,800",433
스마트하트골드 캣 나인케어 체형관리 6kg,"50,000",474
스마트하트골드 캣 나인케어 체형관리 모음,"14,500",474
[사료샘플] 벤티 캣 그레인프리 요로&염증관리 40g,600,57
뉴트로 캣 체중관리용 닭고기&현미 1세이상 모음,"42,000",334
[주말특가] 밥이보약 캣 빛나는 피모 3.4kg,"37,240",210
퓨리나 캣 원 유리너리 어덜트 1.4kg,"17,900",339
[사료샘플] 레오나르도 캣 폴트리 그레인프리 푸드 어덜트 50g,"1,100",251
[ONLY펫프] 트라이엄프 캣 와일드 스피릿 치킨&현미 모음,"16,000",458
퓨리나 캣 키튼차우 6.35kg,"39,900",419
[유통기한임박  23년8월14일][사료샘플][ONLY펫프] 트라이엄프 캣 프리 스피릿 그레인프리 오션 화이트피쉬&에그 40g,250,1
[사료샘플] 퍼시캣 연어 레시피 40g,"1,000",60
now 캣 프레쉬 키튼 3.63kg,"70,200",409
[주말특가] [ONLY펫프] 트라이엄프 캣 와일드 스피릿 연어&고구마 3.17kg,"26,100",363
요세라 네이처캣 그레인프리 연어&오리 모음,"39,800",443
[주말특가] [ONLY펫프] 트라이엄프 캣 프리 스피릿 그레인프리 오션 화이트피쉬&에그 1.36kg,"17,100",207
더리얼 캣 그레인프리 크런치 닭고기 시니어 5.8kg,"87,000",469
[사료샘플] 엔토벳 캣 인섹트 어덜트 30g,"1,000",149
[사료샘플] 더리얼 캣 그레인프리 크런치 닭고기 시니어 50g,"1,000",164
로얄캐닌 캣 브리티쉬 숏헤어 관절건강 모음,"8,500",491
요세라 데일리캣 그레인프리 오리&치킨 4.25kg,"67,800",412
로얄캐닌 캣 인도어 롱헤어 변냄새 감소 모음,"62,500",512
로얄캐닌 캣 인도어 롱헤어 10kg 변냄새 감소,"129,500",512
네츄럴코어 캣 유기농 95% 멀티프로테인 5.6kg,"67,600",346
스마트하트골드 캣 나인케어 인도어 1.2kg,"14,500",419
[사료샘플] 캐츠랑 맘&베이비 40g,500,61
퓨리나 캣 원 헤어볼관리 어덜트 1.4kg,"17,900",83
요세라 네이처캣 그레인프리 연어&오리 4.25kg,"67,800",454
요세라 네이처캣 그레인프리 연어&오리 2kg,"39,800",454
네이처스 버라이어티 캣 인스팅트 LID 칠면조 2.2kg,"54,900",287
세라피드 캣 그레인프리 체중관리 7kg,"28,500",344
웰니스 캣 코어 그레인프리 오리지날 4.98kg,"29,900",40
now 캣 프레쉬 피쉬 레시피 어덜트 1.36kg,"33,300",263
[유통기한임박  23년7월26일][사료샘플] 뉴트로 캣 센시티브용 닭고기&쌀과 콩 1세이상 40g,450,35
퓨리나 캣차우 인도어 6.8kg,"49,500",213
퍼시캣 치킨&칠면조 레시피 1kg,"15,900",245
세라피드 캣 그레인프리 요로건강 2kg,"12,900",375
세라피드 캣 그레인프리 요로건강 7kg,"28,500",375
세라피드 캣 그레인프리 체중관리 2kg,"12,900",344
요세라 마리네스캣 그레인프리 연어 모음,"39,800",433
레오나르도 캣 오리 푸드 어덜트 2kg,"37,000",364
[사료샘플] 알모네이쳐 캣 HFC 스테럴라이즈드 연어 어덜트 40g,"1,300",32
요세라 데일리캣 그레인프리 오리&치킨 2kg,"39,800",412
오리젠 캣 오리지널 모음,"9,970",143
[주말특가] [ONLY펫프] 트라이엄프 캣 프리 스피릿 그레인프리 연어&병아리콩 1.36kg,"17,100",348
더리얼 캣 그레인프리 크런치 참치 어덜트 모음,"35,000",355
[유통기한임박  23년8월28일][사료샘플] 프로파인 캣 라이트 칠면조 40g,250,1
세라피드 캣 그레인프리 헤어볼 컨트롤 2kg,"12,900",376
[사료샘플] 바이탈에센셜 캣 치킨 미니닙스 6g,"1,200",274
[사료샘플] 맥아담스 캣 치킨&터키 40g,"1,600",19
[사료샘플] 후새 캣 오퍼스링크스 40g,900,51
[사료샘플] 스마트하트골드 캣 나인케어 피부&피모 40g,580,50
로얄캐닌 캣 랙돌 어덜트 10kg 피모관리,"129,900",313
[사료샘플] 퍼시캣 치킨&칠면조 레시피 40g,"1,000",57
블랙우드 캣 인도어 6kg,"79,200",237
네츄럴랩 캣 케어2 요로&피부 2kg,"25,000",88
블랙우드 캣 그레인프리 닭고기&완두콩 1.82kg,"40,500",357
로얄캐닌 캣 스테럴라이즈드 4kg 중성화묘용,"62,500",269
오리젠 캣 키튼 5.4kg,"89,300",214
퓨리나 캣 원 시니어 1.4kg,"17,900",56
[ONLY펫프] 트라이엄프 캣 와일드 스피릿 연어&고구마 모음,"16,000",363
[사료샘플] 피니키 캣 그레인프리 비프&살몬 40g,480,30
레오나르도 캣 폴트리 그레인프리 푸드 어덜트 1.8kg,"42,000",391
위스카스 캣 헤어볼 닭고기&참치 어덜트 3kg,"19,400",339
카니러브 캣 생육 잉어와 송어 모음,"23,000",163
