title,price
[부산 해운대] 부산 요트투어 요트와 특가,14900
[부산 해운대] 부산 요트투어 요트G 퍼블릭투어,14900
[부산 해운대] 부산 요트투어 더베이,14900
[부산 해운대] 부산 요트투어 요트 준,9900
[부산 해운대] 부산 요트투어 이디엠,15000
[1차 얼리버드] 2023 워커힐 비키니 풀파티,70000
[제주] 제주투어패스 프리패스 자유이용권,24900
[제주 서귀포] 산방산 유람선,8000
[부산 해운대] 블루라인파크 (4/29~6/30),6600
[부산] 송도해상케이블카 왕복탑승권 6월,11000
★특가★[부산 해운대] 부산요트투어 요트야,10500
[전남] 목포 해상케이블카 (5~7월),17000
[전남 여수] 미남크루즈 선상불꽃투어,22000
[전남 여수] 여수해상케이블카&판타지뉴월드 패키지,8000
[경기 화성] 제부도해상케이블카(5/1~6/30),12000
★특가★[부산 해운대] 부산 요트투어 요트다,9900
[파주] DMZ 케이블카 (~23/06/30),8000
[전남 여수] 미남크루즈 노을야경투어,8000
[부산 해운대] 부산요트투어 더요트,19900
[경북투어패스] 울릉아일랜드 투어패스 24/48시간권,8900
[강원 춘천] 삼악산 호수 케이블카 입장권,13600
[강원 평창] 발왕산관광케이블카&스카이워크,16800
[경남 통영] 통영케이블카 패키지 이용권,20900
[전남 여수] 미남크루즈 해상시티투어,19000
[부산 해운대] 부산 요트투어 요트가이 (폭죽  폴라로이드) 광안리,10000
[전북투어패스] 전주한옥마을 패키지권,18800
[전남 여수] 퍼스트 요트투어&제트보트,40000
[강릉] 주문진 관광크루즈 승선권,13500
[해운대] 리버크루즈 탑승권 (주/야간),10000
[통영] 오션브리즈 요트투어,18000
[제주] 제주투어패스 자유이용권 타임제로,9800
[경남 통영] 통영 big2/big3 패키지 이용권,40900
[경남 통영] 디피랑 입장권,20900
[전북투어패스] 통합이용권,5900
[경남 거제] 거제 파노라마 케이블카 이용권,8000
★특가★[부산 해운대] 부산 요트투어 위드요트,9900
[부산 해운대] 요트홀릭,15000
[여수] 여수 빅오쇼+여수케이블카,22000
[부산] 부산투어패스 부산여행 24/48시간 프리패스권,19900
[전북투어패스] 익산 액션하우스 PKG,8000
[경북] 경주신라 투어패스 48시간권,5400
[부산 해운대] 부산 요트투어 아이러브유요트,13000
[제주] 서귀포잠수함,39000
[강릉] 주문진 관광크루즈 불꽃놀이 이용권,30000
[대구] 팔공산 케이블카 왕복 이용권,6300
★특가★파주 DMZ 곤돌라 (~23/06/30),7200
[제주] 서귀포유람선,8000
[전북투어패스] 남원춘향여행권,4900
[전북투어패스] 러쉬실내카트장 단독상품,9000
[제주] 성산포유람선,10000
[전북 남원] 남원에어레일,11500
[전남 해남] 명량해상케이블카+땅끝해양자연사박물관,12000
[부산 해운대] 부산 요트투어 요트 더 마린,19900
[부산] 자갈치크루즈+송도해상케이블카 패키지,21000
[전북투어패스] 무주 머루와인동굴 단독상품,2000
[전남 해남] 명량해상케이블카,10000
[제주] 서귀포유람선+산방산탄산온천,13000
[전남 여수] 미남크루즈+아이뮤지엄 PKG,14000
[경남 남해] 남해대교유람선,14000
[부산 해운대] 부산 요트투어 요트스타 퍼블릭투어,15000
[전남] 신안 1004 요트투어,17900
[울산] 요트탈래 피크닉보트,5000
[제주] 가파도&마라도정기여객선+짜장&짬뽕,6000
[제주 서귀포] 마라도정기여객선 운진항,8500
[부산 해운대] 부산 요트투어 요트미르,10000
[경북] 경북투어패스 통합권,11900
[경남 하동] 하동 플라이웨이 케이블카 탑승권,13000
[전남 해남] 명량해상케이블카 + 수목원 PKG,13500
[전북 무주] 덕유산 관광 곤도라 주말 할인권,14400
[경기 김포] 현대유람선 한강갑문 공연크루즈,15000
[부산 동구] 부산시티투어버스+자갈치크루즈,15900
[제주] 마라도가는여객선,17000
[부산 해운대] 부산 요트투어 라나요트,19900
[부산] 송도해상케이블카+라이언 홀리데이 인 부산 PKG 6월,27000
[제주]그랑블루요트투어 선셋투어,28000
[강원 양양] 가비마린 요트투어,30000
[제주] 제주핫플버스 우도투어+족욕,39000
[경남] 거제 통영 요트투어 카나리아147,5000
[경북] 청도용암온천  빛축제입장권,5500
[전북투어패스] 부안마실여행권+카페화이트브릭 패키지권,5900
[전북투어패스] 순창 앵무새팜 PKG,6500
[울산] 요트탈래 퍼블릭투어,7000
[제주] 쉬멍해장국,8000
[경기 포천] 코버월드+산사원 패키지,8100
[부산 해운대] 부산 요트투어 요트타자,9000
[제주] 마라도정기여객선+여기가볼래,9500
[경남 통영] 어드벤처타워 이용권,9600
[제주] 우도유람선 승선권,9900
[부산 해운대] 부산 요트투어 보트앤 퍼블릭 투어,10000
[제주] 서귀포유람선+상효원,10500
[경기] 화성투어패스+서해도선(국화도 입파도)승선권,10700
[경북] 경북투어패스 남부권,10900
[전북투어패스] 무주반디여행권 36시간권,11900
[서울] 덕수궁 주간&야간 투어,11900
[서울] 창경궁 주간&야간 투어,11900
[경기] 용인투어패스(기본권),12300
[경기] 화성투어패스 기본권,12900
[제주] 서귀포유람선+카멜리아힐,13000
[전북 무주] 덕유산 관광 곤도라 주중 할인권,13600
[경기 김포] 현대유람선 아라뱃길 공연크루즈,14000
[부산] [투어패스]부산시티투어버스+남포동 영화체험박물관(트릭아이뮤지엄 포함),14900
[서울] 북촌 투어 여행,14900
[부산 해운대] 부산 요트투어 요트더퀸 퍼블릭투어,14900
[부산 해운대] 부산 광안리 요트투어 요트어때,15000
[경주] 경주 야경 투어 : 시간을 거닐다,15000
[제주] 차귀도유람선,15000
[부산 해운대] 부산요트프로포즈 사랑해 요트투어,15000
[제주] 서귀포유람선+허브동산,15500
[제주] 세계자동차&피아노박물관+마라도&가파도정기여객선,15500
[인천투어패스] 통합이용권 24시간권,15900
[제주] 서귀포유람선+휴애리,16500
[제주] 서귀포유람선+제주민속촌,16500
[제주] 서귀포유람선+세계자동차&피아노박물관,16500
[인천공항] 서울 K리무진 공항 버스 이용권(즉시문자발송),17000
[제주] 서귀포유람선+레일바이크,17000
[전북투어패스] 1일권+부안 벗님넷포레도 힐링정원체험 패키지권,17000
[부산] 해운대 3355마린 요트투어,18900
[전남 여수] 여수예술랜드+여수케이블카,19700
[인천투어패스] 통합이용권,19900
[부산 해운대] 요트탈래 탑승권(주간/야간),20000
[부산 광안리] 광안리 요트투어,20000
[부산] 영화체험박물관+송도케이블카 패키지,20000
[제주] 서귀포유람선+수목원테마파크 4종,20000
[새요트 운항] 부산 아이리스요트,20000
[부산 해운대]  부산 요트 투어 (이용권),20000
[전남 여수] 여수케이블카+여수월드 서커스,21000
[전북투어패스] 1일권+김제 미즈노씨네트리하우스 목공체험 패키지권,21400
[경기] 화성투어패스+공예문화관 PKG,21900
[전북투어패스] 전북투어패스 2일권 + 경주엑스포대공원 PKG,21900
[부산] 런닝맨+송도해상케이블카 패키지,22000
[경기] 용인투어패스(한국민속촌+미술관·박물관),23100
[부산] 부산 시티투어버스X뮤지엄원,24800
[부산] 영도투어버스,25000
[부산투어패스] 부산 시티투어버스x요트홀릭,25900
[제주] 퍼시픽마리나 제트보트+아리랑 혼,27000
[경기] 용인투어패스(한국민속촌+한택식물원+용인곤충테마파크),27200
[인천투어패스] 강화프리미엄권,27900
[제주]그랑블루요트투어 럭셔리투어,28000
[경기] 용인투어패스(기본권+대아농원 체험 A/B),28200
[제주] 영주말가든,28700
[경기 화성] 제부도 마리나 요트투어 제부마린스테이(퍼블릭/프라이빗/낚시 투어),30000
[제주] 퍼시픽 마리나 요트투어,31000
[경북 경주] 경주여행 가이드 투어,32000
[제주] 제주핫플버스 ALLDAY 우도투어,33000
[제주] 김녕요트투어,35000
[제주] 제주핫플버스 동부감성투어,35800
[제주] 제주핫플버스 중문감성투어,35800
[제주] 제주핫플버스 비자림+우도투어,36000
[제주 제주] 동부 버스투어 트립이즈마인,39800
[부산]요트홀릭X뮤지엄원,39800
[여수] 아그리나 요트투어_230518,40000
[경기] 용인투어패스(기본권+짚라인 용인),42000
[포항] 드라마 촬영지 따라 여름바다 포항 해파랑길 트레킹,45000
[제주] 제주핫플버스 동부 프리미엄 투어,45000
[제주] 휴애리+서귀포잠수함,46000
[제주] 노형수퍼마켙+서귀포잠수함,47000
[경기] 용인투어패스(한국민속촌+짚라인 용인),50800
[경기 김포] 현대유람선 한강디너 불꽃크루즈,59000
[서울] 인생취미 배우기_한강요트세일링 원데이 클래스,59800
[제주] 라프 라플라이+서귀포잠수함,60000
[제주 서귀포] 천지연무태장어 난산본점,60000
[용인] 용인투어패스(한국민속촌+플라이스테이션),60300
[전남 여수] 오동도 모터보트(갈매기호),68000
[다낭] 베트남 다낭 M-Pack Festival,73000
[부산 해운대] 부산 요트투어 요트스타 요트 스테이 (요트 숙박),100000
[경기 가평] 가평속의 액티비티 짚라인과 함께하는 짚라인+엘리시안 강촌리조트 패키지,100000
[경기 가평] 가평속의 액티비티 짚라인과 함께하는 짚라인+디노펜션 패키지,100000
[부산 해운대] 부산 요트투어 마이요트 프라이빗 투어(단독 대여),119900
[부산 해운대] 부산 요트투어 위드요트 프라이빗 투어,139000
[부산 해운대] 부산 요트투어 요트더퀸 프라이빗 단독투어,149000
[부산 해운대] 부산 요트투어 요트메이트 프라이빗 투어(단독 대여),149900
[부산] 프라이빗 단독 요트투어 요트홀릭(해운대 광안리 코스),150000
[부산 해운대] 부산 요트투어 라나요트 프라이빗 투어,179000
[서울] 마리나 한강 요트투어,180000
[제주] 노아 요트투어 단독대절,180000
[부산 해운대] 부산 요트투어 부산요트블랑 프라이빗 투어,200000
[서울 서초] 한강 요트 Leader 36 프라이빗 투어,250000
[부산 해운대] 부산 요트투어 씨앤요트 프라이빗 단독대여,250000
한강요트 세경마리나 프라이빗 투어,660000
